{"cells":[{"x":-3,"y":-1,"value":0.05705358},{"x":-4,"y":-2,"value":0.074030325},{"x":0,"y":-3,"value":0.09225197},{"x":-1,"y":-4,"value":0.044673398}]}