{"cells":[{"x":-1,"y":0,"value":0.06441697},{"x":0,"y":-2,"value":0.032143973},{"x":1,"y":0,"value":0.07613381},{"x":2,"y":0,"value":0.06954857}]}