{"cells":[{"x":-1,"y":-1,"z":-1,"w":-1,"value":0.90478903},{"x":-1,"y":0,"z":-1,"w":-1,"value":0.50194466},{"x":0,"y":-1,"z":-1,"w":-1,"value":0.9269479},{"x":0,"y":0,"z":-1,"w":0,"value":0.9444795}]}