{"cells":[{"x":1,"y":0,"value":0.067072414},{"x":-1,"y":-1,"value":0.10954713}]}