{"cells":[{"x":1,"y":0,"value":0.16707242},{"x":-1,"y":-1,"value":0.20954713}]}