{"cells":[{"x":1,"y":0,"value":0.3670724},{"x":0,"y":-2,"value":0.15819097},{"x":-1,"y":-1,"value":0.40954712},{"x":-2,"y":1,"value":0.193331}]}