{"cells":[{"x":-2,"y":1,"value":0.593331},{"x":-1,"y":-1,"value":0.8095472},{"x":0,"y":-2,"value":0.55819094},{"x":1,"y":0,"value":0.76707244}]}