{"cells":[{"x":1,"y":0,"value":0.5670724},{"x":0,"y":-2,"value":0.35819095},{"x":-1,"y":-1,"value":0.60954714},{"x":-2,"y":1,"value":0.393331}]}