{"cells":[{"x":1,"y":0,"value":0.4670724},{"x":0,"y":-2,"value":0.25819096},{"x":-1,"y":-1,"value":0.5095471},{"x":-2,"y":1,"value":0.293331}]}