{"cells":[{"x":1,"y":0,"value":0.2670724},{"x":0,"y":-2,"value":0.058190964},{"x":-1,"y":-1,"value":0.30954713},{"x":-2,"y":1,"value":0.093331}]}