{"cells":[{"x":1,"y":0,"value":0.6670724},{"x":0,"y":-2,"value":0.45819095},{"x":-1,"y":-1,"value":0.70954716},{"x":-2,"y":1,"value":0.493331}]}