{"cells":[{"x":2,"y":-4,"value":0.03425028},{"x":3,"y":4,"value":0.05460479},{"x":-4,"y":-1,"value":0.036848865},{"x":0,"y":-3,"value":0.07407912}]}