{"cells":[{"x":-1,"y":2,"value":0.15305291},{"x":-1,"y":3,"value":0.040272787},{"x":-2,"y":-3,"value":0.103801},{"x":-3,"y":-4,"value":0.06549068}]}